Video Number,Description,Price,Length,Creators,Detailed Description,Video ID,Thumbnail ID,Upload Status
Video 0,FIRST HOTWIFE THREESOME WITH BIG DICKED TINDER BULL,$20,25 Minutes,NEVERSATISFIEDXO,,a206bf2fd840df9932f661edac410357,195bc4c8-29cb-42c2-a418-d369f196d300,Complete
Video 1,MY FIRST EVER BIG BLACK COCK AND FIRST TIME CUCKOLDING HUBBY,$20,25 Minutes,NEVERSATISFIEDXO,this is my first ever big black cock that we found online and my first time cucking hubby. he got to watch and jerk off but ended up reclaiming me at the end while i licked my bull’s ass and balls.,4593b719e6f64b15907a065e1f749b46,video-001-thumb,Complete
Video 2,MY FIRST TIME TAKING A BBC RAW AFTER I TELL MY BULL TO TAKE THE CONDOM OFF,$20,25 Minutes,NEVERSATISFIEDXO,this is the first time i met my now regular bull. we met for coffee and he checked out so we invited him back to the hotel. i got super fucking horny and asked him to remove the condom - my first time going bareback and he pulled out all over my STOMACH . mmm,b49fb631fcc942f3834aafecdfa640b3,video-002-thumb,Complete
Video 3,HUBBY SURPRISES ME WITH THE BEST XMAS GIFT EVER... A BIG BLACK COCK,$20,17 Minutes,NEVERSATISFIEDXO,hubby suprised me for xmas by arranging for my bull to be in the hotel room. it was so hot spending time in a hotel taking bbc instead of at a family xmas party. i cucked hubby and he got to jerk off the entire time.,d5bb7a82697e41e285b94b0e656d68b4,video-003-thumb,Complete
Video 4,ALTERNATIVE GIRL WITH BLUE HAIR LOCKS HER BOY IN CHASTITY AND CHEATS WITH A BIG BLACK COCK,$15,10 Minutes,NEVERSATISFIEDXO,"hubby has an alternative girl fantasy, so i dressed up in thigh high socks and blue hair and locked him in chastity for the first time with my bull. super hot that he had to stand in the corner and couldnt touch himself or cum! My bull cums all over my socks.",ee65f7035c7445388bc1237d3d51cddd,video-004-thumb,Complete
Video 5,HOLLYWOOD HILLS HOTWIFE IS POUNDED BY A REDDIT BULL AND HIS BIG WHITE COCK,$20,21 Minutes,NEVERSATISFIEDXO,this is my first time meeting any bulls off reddit . we were staying in the hollywood hills over the holidays and took some time off from seeing our families so i could get fucked and orgasm. hubby started grabbing my ass and getting involved and became more COMFORTABLE with seeing me fuck hung guys.,74736942dc464c71a61518546f88ceaa,video-005-thumb,Complete
Video 6,ROAD TRIP WITH MY BULL AND HE CUCKS MY HUSBAND IN HIS NEW TESLA WHILE USING AUTOPILOT,$20,32 Minutes,NEVERSATISFIEDXO,WE GOT A NEW TESLA AND DECIDED TO GO ON A ROAD TRIp. i thought it’d be fun to invite my bull. we ended up pulling the car over into a parking lot half way through so he could fuck me since i needed to cum. i ended up fucking hubby in the parking lot and let him reclaim me. he was driving us home and put the car on autopilot while my bull fucked me for a second time in the backseat and he jerked off watching me in the rear view mirror.,54bc29da861aa0e12aa4a554cf29c5e0,1510ba09-cee1-49b0-1211-2c97f1438f00,Complete
Video 7,VACATIONING IN LAS VEGAS AND MEETING A HOT COUPLE IN THE CASINO AND BRINGING THEM BACK TO MY HOTEL ROOM,$20,18 Minutes,NEVERSATISFIEDXO,we took a vacation to vegas and i noticed a super hot couple in the hotel casino. we chatted and they told me they loved threesomes with another female and made me the center of attention as they fucked me in our hotel room. i could feel their love all over me.,534c5aec5977f661c5b1cc1e8f35495a,9279f092-2c3d-4c07-b8d6-628974e22b00,Complete
Video 8,DECIDING THAT I AM GOING BAREBACK FROM NOW ON. CONDOM REMOVAL - NO BIRTH CONTROL,FREE,30 Minutes,NEVERSATISFIEDXO,i decided that i am going bareback full time even though i’m not on birth control. i tell my bull to take the condom and fuck me so i can feel him raw.,455e67e70838423dbee1164f6110b4aa,video-008-thumb,Complete
Video 9,TAKING A PREGNANCY TEST BEFORE MY BULL CUMS OVER. AND COMPARING HUBBY'S COCK,$20,25 Minutes,NEVERSATISFIEDXO,i was nervous because i hadn’t gotten my period after my bull went bareback and he was on his way over - so i took a pregnancy test to be sure. i ended up comparing hubby and my bull’s cock for the first time to get a visual representation of why i love big dick so much.,3ad48bb36f22f6f983b1c86f9548883f,6e219d1c-0b61-4fa3-00cf-40407ac11b00,Complete
Video 10,FIRST TIME COMPARING HUBBY'S COCK TO MY BULL'S AND TALKING ABOUT THE HUGE SIZE DIFFERENCE,$20,22 Minutes,NEVERSATISFIEDXO,i started seeing my bull regularly and we’d meet in hotels downtown after work. i wore some sexy lingerie and then compared my husbands cock to his bbc. he started fingering my ass during doggy style and i came soo hard.,ffc04e01e13045da9ee2dcb202ecde1b,video-010-thumb,Complete
Video 11,MY FIRST TIME GETTING CREAMPIED WITH A BLACK BULL WHILE NOT ON BIRTH CONTROL,$20,38 Minutes,NEVERSATISFIEDXO,"i really wanted to feel what it’d be like to have a bbc creampie me. hubby and i talked it over, and we waited for the best time of the month and i told my bull i wanted to take his entire load. it was so hot being passed back and forth between hubby and him. i became obsessed with bbc creampies.",01b0a831862940699d433222ad794571,video-011-thumb,Complete
Video 12,CONVINCED MY BEST FRIEND TO TRY HER FIRST BBC AND THEN SENDING THE VIDEO TO HER LONG DISTANCE CUCK BOYFRIEND,$20,38 Minutes,"NEVERSATISFIEDXO,EMMA RILEY",my best friend emma told me she’d never had BBc before but was curious. i finally convinced her to meet me after work and fuck my bull with me and send the video to her long distance cuck boyfriend.,613de18ee8789625e4caaae3509732ed,52050d18-fd29-4b3a-06a9-8fdb4d1ab900,Complete
Video 13,CUCKING MY BOYFRIEND WITH THE WINDOWS OPEN WITH NEW LINGERIE BOUGHT BY A FAN. RECLAIMING!,$20,25 Minutes,NEVERSATISFIEDXO,"i was bored during the weekend and was trying on some lingerie a fan bought me, so i decided to bring over my bull. he ended up fucking me after i gagged on his huge cock and hubby began worshipping me whole body. he jerked the whole time, until i let him reclaim me after i came using my magic wand.",277ff3f9f5544d87b0dcd2c12c7475b3,video-013-thumb,Complete
Video 14,HUBBY LOCKED IN CHASTITY AND USING A BLACK DILDO ON ME WITH MY BULL TO FULFILL MY DOUBLE PENETRATION FANTASY,$20,23 Minutes,NEVERSATISFIEDXO,i told hubby i have a huge fantasy to have sex with two big black cocks. hubby isn’t big enoguh so i locked him in chastity and made him wear a strap on to fuck me while i sucked my bull. i ended up not letting him cum and made him stay locked in his cage.,9b0b37df2d1c45f9b482cb51f63b37aa,video-014-thumb,Complete
Video 15,HUBBY HAS TO CLEAN UP MY BULL'S DEEP CREAMPIE AND CAN ONLY PULL OUT AFTER RECLAIMING ME,$20,24 Minutes,NEVERSATISFIEDXO,i told hubby i really wanted to see him clean me up after my bbc bull creampies me. he slowly warned up to the idea and licked my pussy clean of every last drop before he was allowed to fuck and reclaim me.,365ca453af0f7e71f332a910878f99fc,3d64e406-61d5-4240-6bea-910f5bfddf00,Complete
Video 16,PUBLIC CUCKOLDING AT THE NUDE BEACH. STRANGERS WALK UP TO ME TAKING A BBC AND HUBBY RECORDING. THEY FOLLOW US TO THE BUSHES,$15,19 Minutes,NEVERSATISFIEDXO,"i love publicly humiliating hubby and i invited my bull to the nude beach. he ended up fucking me on an open trail and hubby had to film. we got caught a few times so we went to the bushes so i could finish cumming, but we got followed by a group of people who were looking through the trees.",16db70d47aae41928dd996f9100b68f2,video-016-thumb,Complete
Video 17,BULL SLEEPS OVER AND FUCKS ME ALL NIGHT STARTING OUT IN THE JACUZZI,$20,30 Minutes,"NEVERSATISFIEDXO,AREALLYWEAKGUY",i invited a bull to sleepover for the first time so i could get fucked at any time i want. we ended up having sex in the jacuzzi and then working our way through the entire house. it was so hot to be under the moonlight.,ca2e36daf54b4284968aaa65c26d0ad8,video-017-thumb,Complete
Video 18,NIGHT OUT IN DENVER WITH MY BULL AND HUBBY LOCKED IN CHASTITY. WE GO BACK TO THE HOTEL AFTER THE STRIP CLUB AND DINNER,$20,35 Minutes,"NEVERSATISFIEDXO,POPPICHULO34","we took a vacation to denver to meet a new huge bull. on our second night, we all went out to the strip club and had an amazing time, although hubby had to be locked up in chastity. everyone in the room knew what was going on. we ended up going back to the hotel late and i got a deep fucking while hubby stayed locked up and coulnd’t cum until we got back from our trip.",bd717b1ffec94516bbc5de7bcbdcbddf,video-018-thumb,Complete
Video 19,HUBBY FUCKING ME AFTER A BBC CREAMPIE AND USING MY BULL'S CUM AS LUBE. HUBBY CUMS PREMATURELY,$20,45 Minutes,"NEVERSATISFIEDXO,FIRSTCLASSJD","i met a new bull who flew in to see me and after we went on a date around town and down to the pier, i sucked and fucked his huge cock back at his airbnb. he creampied me so deep, and i let hubby use his cum as lube while it was still in my pussy so he could have his turn. he came so quick.",966d58fb5aa0431a8e53fce5db6ecd66,video-019-thumb,Complete
Video 20,EMMA RILEY & I BBC 3SOME WHILE OUR CUCK HUBBIES WATCH IN THE DOORWAY,$20,36 Minutes,"NEVERSATISFIEDXO,EMMA RILEY",i invited emma to my in-laws lake house with her boyfriend to paddle board and a swim. i planned to have a bull stay with us that weekend. he ended up cucking both our boyfriends who had to watch and help each other film while we came all over his bbc.,b950108a7ca2bab4bcbaf3d31c9028e6,858737b6-1f0a-418e-d47b-1cf532da4300,Complete
Video 21,HUGE NEW BULL DESTROYS MY TIGHT WHITE PUSSY IN OUR HOTEL ROOM ON DENVER VACATION,$20,31 Minutes,,this is the first time i met a huge new bull during my vacation in denver. his dick is massive and it looked so good with my tight pussy and ass riding up and down on it.,30138d2fa8c62ba6961f5176019774fb,166ffc55-1013-49da-ac3d-d89443eac500,Complete
Video 22,HOTWIFE JENNY'S FIRST BIG BLACK COCK IN THREESOME AT THE LAKE AIRBNB,FREE,52 Minutes,"NEVERSATISFIEDXO,HOTWIFEJENNY",i met hotwife jenny in her home town to be there for her first big black cock experience. we ended up fucking all over the house while our husbands watched and enjoyed.,2c1e173d831a08735d4fee3450484321,8bd4998c-da85-4fc6-ecd3-96746c173900,Complete
Video 23,THREESOME WITH EUROPEAN HOTWIFE MOANA ON A WEEKEND TRIP TO LAS VEGAS,Free,34 Minutes,,i met a sexy european HOT-WIFE while i was in las vegas and we got to fuck eahcother as well as a bbc bull after all flirting over drinks.,8032a32345f9461898c2a82b94cb3666,video-023-thumb,Complete
Video 24,CUCKING HUBBY IN THE FRONT YARD FOR THE NEIGHBORS TO SEE AND THEN HE RECLAIMS ME AFTER A MESSY BBC CREAMPIE,$20,30 Minutes,,"i cucked hubby in our front yard and after we saw some neighbors, went back into the house. my bull ended up creampieing me and hubby coulnd’t help but use his cum as lube and cum quickly in me.",5ca660ecf47744078103c0f23d1c1cbc,video-024-thumb,Complete
Video 25,EMMA AND I CUCK OUR HUBBIES AND THEN LET THEM TAG TEAM US FOR A DOUBLE RECLAIMING PARTY AFTER OUR BULL HAS HIS WAY WITH US,$20,25 Minutes,,"emma’s hubby and mine got so horny jerking off and watching their girls fuck a big cock, that they couldn’t wait to reclaim us. after our bull stretched our pussy, we let them have a reclaiming party. both of them could only last a few minutes feeling how wet and used we were.",56753288ee8e4ed09341eefbeca4a0a0,video-025-thumb,Complete
Video 26,LOS ANGELES HOTEL SUITE BBC FOOT RUB,$20,47 Minutes,NEVERSATISFIEDXO,i was on vacation in los angeles and met a new bull in our west hollywood hotel suite. he ended up fucking me with a view of the city and hubby rubbed my feet to make me cum extra hard.,bffc61391601b2d0d34f4216578968f3,ba04c582-0060-45dd-abd6-85211a914300,Complete
Video 27,FFM HOTWIFE THREESOME CUCKOLD RECLAIMING,$20,45 Minutes,,night 2 of hotwife jenny’s first bbc weekend. we help eachother get fucked and spread eachothers pussies open for bbc. hubbies got to reclaim us afterwards. the group sex was so hot.,3a6fbdee8e184b53bfc21da968d2fb7a,video-027-thumb,Complete
Video 28,GROUP SQUIRTING SEX W/ CUTE COUPLE & MY BBC BULL,$20,33 Minutes,,we met a couple on a dating app and they shared how open they were. i invited them to our hotel to film their first ever video and they got to watch me fuck my black bull and while luna squirted everywhere.,6938118acc7f8afbee07890ec3efd74a,4aea8d9e-3885-40bf-b1a1-a00d51a65100,Complete
Video 29,HUBBY V. BULL SIZE COMPARISON BBC FOOTJOB W/ CUCK FEET LICKING & CUM,$15,16 Minutes,,i compare hubby and my bulls cock using my feet and giving my bull a footjob. he cums all over my feet and i made hubby clean it up with his mouth.,ee5916d953cc4d95b9785358feb076a2,video-029-thumb,Complete
Video 30,HOTWIFE SWINGER GANGBANG ORGY IN DALLAS. GROUP SEX W/ 3 HOTWIFE COUPLES & 3 HUNG BULLS,$25,75 Minutes,NEVERSATISFIEDXO,i got invited to my first ever orgy with 3 bulls and 3 hotwives. i was super nervous flying into dallas but after a few drinks we all started fucking eachother in every position. the energy was insane. i’m addicted to orgies.,60d10b9b6a92cd77f2f5aeb49d95df2f,c9b05a9a-7548-4003-7eb6-8c173ba08f00,Complete
Video 31,FIRST BBC 3SOME SPITROAST WITH HUBBY HAVING A TURN & CUMMING QUICK,$25,30 Minutes,,my longtime fantasy of getting used by two bbc’s was finally fulfilled. hubby got to watch me get spitroasted while jerking off. i held both their cocks in my hands while he fucked me and told him to cum quick and how he’d never be able to satisfy me like they do.,b794bac7435bcb05021dfc5e4bc2e490,80f32251-eb6e-4bcf-4a48-5ecf6ff1ba00,Complete
Video 32,HUBBY CUCKED DURING WEEK WORK FROM HOME LUNCHBREAK CHASTITY CUM RECLAIMING,$20,24 Minutes,,we both work from home during the pandemic and i got bored on my zoom meetings and computer work so i told hubby to get in his chastity cage and i invited my bull over to fuck me for some afternoon delight and i let hubby have a taste too,49ea4268c135459db4cfe046cc640fea,video-032-thumb,Complete
Video 33,REAL CUCKOLD FAN HAS HIS WIFE'S FIRST BIG BLACK COCK FANTASY FULFILLED. DOUBLE CUCK RECLAIM,$20,36 Minutes,"NEVERSATISFIEDXO,FUNSIZE4SHARING",funsize4sharing’s husband was a huge fan and he reached out online and we happened to live near each other. he wanted to see her take bbc - and things ESCALATED quickly as we hung out the next night and she couldn’t resist. i’m honored to take her bbc virginity.,a43fd5cd4d48478395b5eeb035cffc77,video-033-thumb,Complete
Video 34,NEW BBC BULL FLIES TO SEE ME. STRETCHES ME OUT ALL WEEKEND & PULLS MY HAIR,$20,45 Minutes,,i met a new bull who was massive and came to see me. he stretched me out and pulled my hair all night.,03f40a307648879a0298d7b84dceda50,7076c079-de69-48fe-9f6a-36cd1ca64800,Complete
Video 35,BULL FUCKS ME AT THE DOCKS OF MY IN-LAWS LAKE HOUSE,FREE,20 Minutes,"NEVERSATISFIEDXO, AREALLYWEAKGUY",i invited my bull to my in-laws lake house and he ended up fucking me on the docks of the neighbourhoods private lake.,e205b21c3bd21769a61bd022710f756c,cbee0f95-6f34-40df-fdf3-8f73247ecf00,Complete
Video 36,EARLY MORNING MFM THREESOME RIGHT BEFORE MY FLIGHT BACK HOME,$20,32 Minutes,"NEVERSATISFIEDXO,POPPICHULO34,STLCITY91NCH","on my last morning in dallas, i wanted to have my first threesome. my flight was at 10 AM and i invited my bulls over at 7 AM to fuck me super hard before we went home. i didn’t have time to shower and flew home with cum still all over me.",24d66ade16831607248a952b223cc273,6db0256b-6acc-4a58-5c8c-6f8895687000,Complete
Video 37,LOCKING MY CUCK IN CHASTITY WHILE TIED TO THE PIPES & THEN FUCKING HIS ASS WITH A STRAP-ON WHILE TAKING A BBC,$25,55 Minutes,"NEVERSATISFIEDXO,TRIBALBBC",i locked hubby in chastity down in the basement and he had to wait for my black bull to come down and fuck me in front of him. i pegged him with a big black strap on for the first time and then my bull mounted me and fucked me while i was fucking hubbys ass. such a hot and humiliating experience.,e31022c41f37db54c1f9b82b15fb583e,ee46d289-7046-412a-e291-d51bad2a7a00,Complete
Video 38,CUCK LOCKED IN CHASTITY WHILE WIFE TAKES 2 BBCS IN MORNING 3SOME,$20,23 Minutes,,"after a night of salsa dancing, we all met up at my bulls downtown hotel room so i could get double teamed while hubby was locked in chastity. he helped spread my legs open wide and got to watch as i took their huge cocks in every position.",666e6d33160c37c0a4ea8c80be5c4117,video-038-thumb,Complete
Video 39,QUEEN OF SPADES TATTOO SIZE COMPARISON. CUMMING MULTIPLE TIMES ON BBC WHILE HUBBY HELPS IN OUR BEDROOM,$20,60 Minutes,"NEVERSATISFIEDXO, CHRISHASABIG",A NEW BULL FLEW INTO TOWN AND CAME TO FUCK ME IN OUR BEDROOM BEFORE WE WENT OUT TO DINNER. I TRIED A QoS TATTOO ON FOR SIZE FOR THE FIRST TIME AND HUBBY rubbed my body while i came all of his big cock after getting a massage and rubbing my bulls feet.,ac5625eebb984685be06194e6dc3139b,video-039-thumb,Complete
Video 41,HOTWIFE BEST FRIENDS BBC DOUBLE TEAMED 4SOME IN DOWNTOWN WHILE HUBBIES WATCH TOGETHER AFTER WORK,$25,45 Minutes,"880NFLEEK,FUNSIZE4SHARING,NEVERSATISFIEDXO",i was able to arrange my first 4some with funsize4sharing. each of us had our own big black cock and we traded off. hubbies got watch in the corner. i wish i could do this every night.,42a931e0e5f77d1f4f04db72c834c829,c7555744-9cd0-4e21-6191-1aec3f7aed00,Complete
Video 42,FLAKED ON BY MY BULL SO I FUCK MY HOTWIFE FRIENDS IN LAS VEGAS WITH A DOUBLE-SIDED DILDO,Free,30 Minutes,"NEVERSATISFIEDXO, LAHOTWIFE, JESSIRAE",i was in vegas and a bull flaked on me but i found out Lahotwife was in town. so i invited her and jessirae over to my hotel and we had the hottest lesbian sex with a double sided dildo.,4c836af9c6d86ef9b3493f3cf004293b,6faaee22-3dc2-407b-e4e1-aee3c360fa00,Complete
Video 44,MY FIRST EVER DOUBLE PENETRATION. I COULD ONLY FIT HUBBY IN MY ASS,Free,11 Minutes,NEVERSATISFIEDXO,we finally tried double penetration. my bull came over and we went into our bedroom. hubby had to take my ass since he was smaller and i can’t take a bbc in there just yet.,3cb5e90d6f561d2b2380454187977487,ad74c926-7050-43de-cc03-b2f967fb5800,Complete
Video 45,BEING SUBMISSIVE TO MY BULL IN THE ATTIC WHILE HE HANDCUFFS AND POUNDS ME HARD,Free,21 Minutes,NEVERSATISFIEDXO,i was feeling super submissive to my dominant bull and he put me in handcuffs after he flipped me upside down to suck his dick. he brought me in the attic and bent me over until i was screaming for more.,3b943a83acec3f4d0d7bf9e44666785e,22c52ffd-a992-4d32-2df8-982efc069400,Complete
Video 46,FUCKED ON A BUSY PUBLIC HIKING TRAIL IN THE DESERT BY A BBC BULL,Free,13 Minutes,,i went hiking in the desert with hubby and my bull. we ended up taking a popular trail but found a little spot overlooking the valley where i could get fucked for a midway break.,cf5b52ffc3ad4b32908aa64d96e38603,cf5beed4-39c0-4dc0-f019-6566c3fcba00,Complete
Video 47,NERVOUS HOTWIFE TRAINING: MY BEST FRIEND TELLS ME SHE WANTS TO TRY BBC,Free,10 Minutes,"NEVERSATISFIEDXO, EMMARILEY",my friend emma confessed she had never had bbc but wanted to try it but was nervous. i brought over some huge black dildos for her to get warmed up on before she tried her first bbc in video #12,8d343395ed53efb9750b253ea0c9e4f0,f1a88dc9-4c97-4e61-5551-daa711bda700,Complete
Video 48,DOMINATING HUBBY ON VALENTINE'S DAY MAKING HIM WEAR STOCKINGS ON THE BALCONY FOR THE WHOLE CITY TO SEE ME STRAP ON HIM. HUMILIATION TALK,$10,22 Minutes,NEVERSATISFIEDXO,FUCKING HUBBY IN STOCKINGS FOR ALL OF VEGAS TO SEE. HIS FIRST TIME BEING DRESSED UP LIKE A LITTLE SLUT WITH HUMILIATION.,c14de1f9a4fb47e5a1d21992bafd0957,video-048-thumb,Complete
Video 49,"REDHEAD HOTWIFE JESSIRAE FIRST BBC AFTER PREGNANCY HIATUS. TELLING MY BULL TO CUM IN MY PUSSY BUT IF HE DID, HE'D GET ME PREGNANT",$25,27 Minutes,,REDHEAD MILF JESSIRAES FIRST BBC AFTER HER PREGNANCY. LOTS OF BBC PREGNANCY TALK WITH MY BULL TELLING HIM TO CUM IN MY PUSSY.,5179aa385ad54a6691e38aeb22c3edcb,video-049-thumb,Complete
Video 50,BULL CUCKING HUBBY IN A TENT AND THEN HE HELPS HIM RERACK HIS WEIGHTS AT THE GYM WHILE I RIDE HIM DURING BENCH PRESS WARM-UP,FREE,23 Minutes,,AREALLYWEAKGUY CUCKS MY HUBBY IN A TENT AND THEN MAKES HIM WATCH ME WHILE I RIDE HIS BBC DURING A WORKOUT IN THE GYM.,21df422fef940eff427f45235c99bc7f,8f121b0e-4c1b-4cc3-0485-9426fa193900,Complete
Video 51,POWERFUCKED IN NEW POSITIONS - FIRST NIGHT WITH A NEW BULL AND I SWALLOWED ALL OF HIS CUM,$20,45 Minutes,"NEVERSATISFIEDXO, TRIBALBBC",I MET A NEW BULL TRIBALBBC AND HE MASSAGES ME AND POWERFUCKS ME IN EVERY POSITION BEFORE I SWALLOW HIS CUM AFTER A ROUGH ACROBATIC FUCK.,c051ac6fab7e287416052602f80d14e9,e78ae82d-0f73-45cd-923f-bdc64197c300,Complete
Video 52,"CUCK JERKS OFF TO ME GETTING FUCKED IN MIRROR AND I TELL HIM TO LICK MY ASS. BULL CUMS ON MY PUSSY, I SPREAD IT IN, AND HUBBY RECLAIMS ME WITH HIS CUM AS LUBE",$20,29 Minutes,NEVERSATISFIEDXO,MY BULL RETURNS FROM AFRICA AFTER BEING GONE FOR FOUR MONTHS AND HE FUCKS ME IN A HIGHRISE CONDO. HUBBY JERKS OFF IN THE MIRROR AND RECLAIMS ME WITH HIS CUM AS LUBE.,016b86c9ad8356c460471ef86502be62,d802e596-a0cd-46a6-bb10-4fafac72cd00,Complete
Video 53,FIRST TIME EXPLORING SPH & MEASURING HUBBY WHILE DIRTY TALKING BBC FANTASY BEFORE EVER TRYING A BULL EARLY IN OUR RELATIONSHIP,FREE,,NEVERSATISFIEDXO,AN EARLY VIDEO WHEN WE FIRST STARTED EXPERIMENTING WITH SPH AND DICK MEASURING AND FANTASIZING ABOUT BBC DURING SEX.,,,Not Uploaded
Video 54,CAUGHT TAKING BBC ON ROOF TOP PARKING GARAGE. HIS BBC WAS TOO BIG AND I WAS SORE AFTER A LONG WEEKEND SO HUBBY GETS TO RECLAIM ME,FREE,24 Minutes,"NEVERSATISFIEDXO, CHRISHASABIG",CHRIS FUCKED ME IN A PARKING GARAGE AND WE GOT CAUGHT. I WAS SO SORE AFTER BEING USED BY HIS BIG DICK ALL WEEKEND I HAD TO TAP OUT AND LET HUBBY RECLAIM ME SINCE HE’S NO WHERE NEAR AS BIG.,374bf36b73483410986d0afb0237173c,4291828b-b5b8-49a3-de53-ee9349589700,Complete
Video 55,ASIAN HOTWIFE SAYLER VIXEN DOUBLE VAGINA PENETRATION. BBC & BWC 4SOME W/ DOUBLE-SIDED DILDO CUCK RECLAIM,$25,1 Hour,NEVERSATISFIEDXO SAYLER VIXEN LOUIS FARELL HOT2MALIT,I MEET ASIAN HOTWIFE SAYLER VIXEN FOR THE FIRST TIME AND WE FUCK A BBC AND BWC TOGETHER IN FRONT OF OUR HUBBIES AFTER SHARING A DOUBLE SIDED DILDO. SAYLER TAKESS TWO DICKS IN HER PUSSY FOR DVP AT A TIME AND HER CUCK FISTS HER AFTER.,eed9ba4b7c96c9080562d7870ef0c9f2,01bf5546-f66f-4fce-f315-0db517cf8300,Complete
Video 56,BBC FOOTJOB WORSHIP FUCKED HARD IN FRONT OF THE ATLANTA FALCONS FOOTBALL STADIUM,$20,24 Minutes,"NEVERSATISFIEDXO, TRIBALBBC",BBC FOOTJOB WORSHIP VIDEO IN ANTLANTA THE NIGHT BEFORE I MEET MISSVSP. HE CUMS ALL OVER MY PRETTY MANICURED TOES,,,Not Uploaded
Video 57,"REDHEAD HOTWIFE JESSI RAE AND I BOTH GET DVP. I GIVE MY BULL A RIMJOB, GET TRIPLE STUFFED, AND JESSI TAKES 3 CUM LOADS ON HER FACE",$50,50 Minutes,NEVERSATISFIEDXO JESSIRAE LOUISFAREL HOTZMAL,JESSIRAE INVITES ME OVER HER HOUSE FOR A 5sOME and WE bought get dVp while i give my bull a rimjob and get triple stuffed. jessi ends up taking a triple facial,bab28d385d252dc02a775972127c0747,958dedc4-cdfa-488f-f8b9-6ed8b69e0b00,Complete
Video 58,MY FIRST EVER DVP WITH BBC & BWC BULL. ASIAN HOTWIFE SAYLER VIXEN GETS SPIT ROASTED IN FRONT OF CUCK ROUND 2,$30,50 Minutes,NEVERSATISFIEDXO SAYLER VIXEN LOUISFAREL HOTZMALII,PART 2 of MY FOURSOME FUN WITH SAYLER VIXEN. this was my first time trying dvp after being inspired by watching sayler. she wears a tail and we shower together after.,1e1d4cad388642158c502b79e0804551,video-058-thumb,Complete
Video 59,TABBYNONAME FIRST SAME ROOM SEX WITH ANOTHER COUPLE AND FIRST LESBIAN EXPERIENCE,FREE,34 Minutes,"NEVERSATISFIEDXO, TABBYNONAME",after multiple hang outs with tabbynoname we all finally got comfortable and horny to try their first same room sex experience and tabby’s first girl on girl experience while they stayed at our house after a camping trip!,,,Not Uploaded
Video 60,PETITE SPINNER QUEEN OF SPADE HOTWIVES FUCK BBC WHILE CUCK IS HUMILIATED IN CHASTITY BY KEYHOLDERS. BBC CREAMPIE CLEAN UP QOS TATTOO,$20,32 Minutes,"NEVERSATISFIEDXO, MULBERRY212",mulberry212 leaves her boyfriend home and visits to play with a bbc while wearing her qos tattoo and HUMILIATES my cuck hubby in chastity while holding his key. hubby has to lick my bulls cum off my qos tat.,e69b27f2c62f4af7816de2e70fc4efc9,video-060-thumb,Complete
Video 61,EMMA RILEY'S FIRST BBC IN OVER A YEAR. WE HUMILIATE HUBBY IN CHASTITY SIZE COMPARISON. EMMA TAKES BBC RAW FOR THE FIRST TIME AND REMOVES CONDOM,$25,38 Minutes,"NEVERSATISFIEDXO, MULBERRY212",EMMARILEY returns after a year hiatus. she moved away for a new job and to be with her new husband but she got bored and still fantasized all the bbc i shared with her. hubby flew her out and she decided to go bareback for the first time and is hooked raw. We make fun of hubby’s cock together.,486644266e0e4cd29d361b29b7e98731,video-061-thumb,Complete
Video 62,BBC THREESOME IN LAS VEGAS W/ PETITE SNOWBUNNY EMMASECRETLIFE. SHE SQUIRTS EVERYWHERE IN FRONT OF HUBBY FOR THE FIRST TIME,$20,48 Minutes,EMMASSECRET MILIRIE TRIBALBBC NEVERSATISFIEDXO,my first time meeting petite little snowbunny emma’ssecretlife. we fucked in the hotel after a pool party in all sorts of amazing position. she squirts for the first time in fron of her hubby and he was amazed since he has never been able to do it. we finish off with some hot steamy sex in the shower.,2b9a5fc20d804f4bad5f27d9f0f3520e,video-062-thumb,Complete
Video 63,"FEMDOM GODDESS AURORA ASPEN FIRST BBC. I CUCKED HER BF, WALKING HIM ON A LEASH IN CHASTITY, CUCK CLEAN UP W/ PUSSY WORSHIP & HUMILIATION",$30,48 Minutes,"NEVERSATISFIEDXO, AURORAASPEN","FEMDOM GODDESS AURORA_ASPEN COMES TO VISIT ME TO TRY HER FIRST BBC. We locked her hubby up in heart shaped chastity and made him watch while walking him on a leash. after he worships aurora’s pussy, he gets the treat of cleaning up my bull’s creampie.",1bcde217a6257826c3ea52eaa71141da,video-063-thumb,Complete
Video 66,PUTTING OUR BULLS AND CUCK'S COCKS IN PECKING ORDER BEFORE WE TORTURE AURORA'S BOYFRIEND'S PATHETIC BALLS ON THE POOL TABLE AND MAKE HIM CLEAN OUR CUM COVERED GODDESS PUSSIES,$30,49 Minutes,NEVERSATISFIEDXO HOT2MALII AURORA ASPEN LOUISFAREL,"FEMDOM GODDESS AURORA ASPEN & I LINE UP OUR CUCK & BULLS TO SEE WHOSE THE BIGGEST, WHOSE THE SMALLEST, WHO GETS TO FUCK US, AND WHO GETS TO WATCH.",2fd838a4a7db4b77932e4b5c8e46587a,video-066-thumb,Complete
Video 67,DOMINATING MY BBC SLUT GIRLFRIEND WITH STRAP ON WHILE WE FUCK MY BBC BULL AND HUMILIATE CUCK HUSBAND MAKING HIM FROT STRAP ON AND EAT CUM,$25,45 Minutes,NEVERSATISFIEDXO EMMARILEY HOT2MALII,I STRAPON FUCK EMMA RILEY WHILE SHE TAKES BBC AFTER CUCKOLDING MY HUBBY AND MAKING HIM TASTE THE CUM OFF THE STRAP ON,11635a36fb434fb287e6c550d2ce0167,video-067-thumb,Complete
Video 68,PETITE YOUNG HOTWIVES BBC 4SOME AFTER NIGHT OUT DRINKING AND DANCING WITH TWO HUNG STUDS AT THE CLUB,$40,1.5 Hours,NEVERSATISFIEDXO TRIBALBBC EMMASECRETLIFE HOT2MALII,EMMASSECRETLIFE AND I MEET UP WITH TWO BBCS WHILE ON VACATION AND FUCK THEM AFTER CLUBBING IN FRONT OF OUR HUSBANDS,a94d20fd01ce9f964dbb25a3a4bf864d,a3b656ca-0c8f-4527-c380-fb90a18c4900,Complete
Video 69,CHASTITY CUCK'S FIRST TIME COERCED BI WHILE DRESSED UP IN LINGERIE. SUCKING BWC BULL'S COCK WHILE FEMDOM GODDESSES LEASH HIM AND TEASE HIM MESSY CUM CLEAN UP AND TASTING,$30,34 Minutes,NEVERSATISFIEDXO AURORA ASPEN LOUISFAREL,AURORA ASPEN AND I DRESS HER CUCK UP IN LINGERIE AND MAKE HIM SUCK A COCK WHILE GETTING CUCKOLED IN CHASTITY.,2165453aae8e8a48b6dcd3f61d8089ef,74e08e0a-bc4a-46c0-b791-9b861aa7b100,Complete
Video 74,FEMDOM STRAPON PEGGING CHASTITY HUBBY WHILE HAVING SEX WITH MY BBC BULL BOYFRIEND. CUCK FUCKLICKING AND CUM FACE RIDING UNDER ME,$25,40 Minutes,NEVERSATISFIEDXO HOT2MALII,,36cddb675f2d179028d7765d3506eba5,video-074-thumb,Complete
Video 75,BBC QUEEN OF SPADES MFFM FOURSOME W/ ASIAN HOTWIFE SAYLER VIXEN,$40,1 Hour+,NEVERSATISFIEDXO TRIBALBBC SAYLERVIXEN HOT2MALII,ASIAN HOTWIFE SAYLERVIXEN AND I HAVE THE MOST AMAZING BBC 4SOME QUEEN OF SPADES STYLE #74 I STRAPON PEG MY SUBMISSIVE HUSBANDS WHILE MY BBC BULL FUCKS ME,71802f025f6d43bb873162cce29a8a1b,video-075-thumb,Complete
Video 76,CHASTITY CUCK TIED TO DUNGEON BED MADE TO WATCH GF AND GODDESS FUCK BBC. STRAP ON PEG RECLAIMING,$25,40 Minutes,"NEVERSATISFIEDXO, AURORAASPEN",cuckold sub tied up and pegged in front of his girlfriend taking bbc and paddling,054f2869574f517e8bb4ec0ea85812d6,video-076-thumb,Complete
Video 77,DRESSED UP FISHNET SISSY PEGGED ON BALCONY AND ROUGH STRAP ON PEGGED BEFORE EATING HIS OWN CUM IN FRONT OF HIS MISTRESS,$20,30 Minutes,NEVERSATISFIEDXO,submissive pegged on balcony eats own cum,82c1d96e8b914cf7a86b94b52682bab0,video-077-thumb,Complete
Video 78,BBC & BWC HOTWIFE HOFOURSOME W/ FUNSIZE4SHARING,$25,45 Minutes,"NEVERSATISFIEDXO, FUNSIZE4SHARING",funsizesharing hotel 4some fun,045174c238c03f49e5e80c6c6f3317a6,59366ffd-6b99-4d95-ac67-5099a0cf7e00,Complete
Video 79,EMMA WAS BORED AT HOME AND CRAVED HER FIRST BBC 4SOME,$30,47 Minutes,,emmariley and i are bbc sluts,928f25fc3426376f60fda8772480c16e,e679efd6-49f0-407c-76df-558b24eca000,Complete
Video 80,CHEAP MOTEL BBC BULL HOOKUP. CUCKOLD TELLS ME HE LOVES ME AS I CUM ON ANOTHER COCK. CUMS IN 30 SECONDS DURING RECLAIM,$20,45 Minutes,NEVERSATISFIEDXO,vintage motel cuckolding,6fd958ef0ffbf49ef7fcb5921958648a,0e63d8bb-1f7f-4971-677a-c330fe24be00,Complete
Video 81,"DOUBLE CUCK CHASTITY FUCK LICKING, RECLAIM. CREAM PIE CLEAN UP",$30,52 Minutes,"NEVERSATISFIEDXO, AURORAASPEN",double cuck lick,a8acc70e9e66c4356d9f3cd0a2ca0bea,efefe14b-518c-4cec-415c-c0388f58d800,Complete
Video 82,"HOSTED MY FIRST ORGY WITH SOME OF MY FAV HOTWIVES, SWINGERS, AND BULLS",$40,70 Minutes,"CHRIS MARLEY,HOT2MALII,KATE MMFLEY,LOUIS FABEL,MICKYHUNTSMAND,NEVERSATISFIEDXO,SAYLERNIEN,TRIBALHOE",my first swingers orgy,a4c52c7a2e95be69b8e928d940f2fa7c,eee71884-6da8-45d5-9324-4c7f1c489a00,Complete
Video 83,HUBBY PULLS OVER ON A DESERT BACKROAD SO I COULD GET FUCKED BEFORE WE MAKE IT TO THE HOTEL. CUCKOLD CUM RECLAIMING,$20,25 Minutes,NEVERSATISFIEDXO,blacked in the desert,96edaea92f2b425e8c43e6bf05eb4cee,69434b1f-9304-4fff-ceac-ca21348d6700,Complete
Video 84,CUCKOLD IN CHASTITY WAITS IN GARAGE WHILE I SNEAK OVER BWC BULL SO FAMILY SLEEPING OVER IN OUR GUEST ROOM DON'T CATCH US,$20,45 Minutes,"LOUISFAREL,NEVERSATISFIEDXO",fucked in my garage by bwc husband in chastity,02e957382b5edf1db0a8726f41f1d7d0,7700308e-9775-41eb-5d0d-1f3133a46900,Complete
Video 85,FEMDOMMING SUBMISSIVE ASIAN SLUTWIFE SAYLER VIXEN WITH BWC BULL IN FRONT OF HER TIED-UP CUCK HUSBAND,$20,39 Minutes,"NEVERSATISFIEDXO, SAYLERVIXEN",asian hotwife saylervixen cucks roped husband with bwc,f64e5347475dfede42a17bc8fe574ffe,c8977b15-2b2b-478d-061f-3af474877500,Complete
Video 86,HOT SWINGER COUPLE JOINS MY BULL AND I. LIAMGETSIT SUCKS FIRST BBC,$25,38 Minutes,"NEVERSATISFIEDXO, LIAMGETSIT","liamgetsit same room sex, sucks first bbc",ba25eca76fa24bbe82a36b1eaf39f166,caf40a5b-5cf8-4643-9243-377729339900,Complete
Video 87,TRIPLE GODDESS DOMINATION FOR TWO UNLUCKY SUBS,$25,45 Minutes,"NEVERSATISFIEDXO, EMMARILEY, AURORA_ASPEN.",three goddesses peg two submissives in leggings,dd5cb8b70b7dc1addb0effafd5ebbeac,bccd1613-ad1e-425c-a299-4183e0519a00,Complete
Video 88,FIT HOTWIFE BBC 4SOME AFTERPARTY WHILE CUCKOLD HUBBIES WATCH & FILM,$30,48 Minutes,"NEVERSATISFIEDXO, EMMASSECRETLIFE",bbc qos 4some with emmassecretlyfe,9cb4a15307234b66ac1b98d7347e7d83,video-088-thumb,Complete
Video 89,BBC IN OUR BED <3,FREE,Unknown,NEVERSATISFIEDXO,bbc in our bedroom,,,Not Uploaded
Video 90,"INTIMATE & PASSIONATE THREESOME WITH CUCK HUBBY AND BBC BOYFRIEND. LOUD ORGASM WHILE LICKING MY PUSSY, FACE RIDING, AND KISSING",$20,26 Minutes,NEVERSATISFIEDXO,intimate work from home 3some with husband and boyfreind,7546e0b80da47a137ae4ad848251fa23,bd38b9df-ee85-43eb-7d60-cf2275a9d000,Complete
Video 91,TREATING MY SUB LIKE THE WILD ANIMAL HE IS AND STRAP ON PEGGING HIM UNDERNEATH THE STARS IN THE MOUNTAINS AND AT THE LAKE BEFORE HE EATS HIS OWN CUM,$20,26 Minutes,"LOUISFAREL,NEVERSATISFIEDXO",pegged under the stars and in the wild,f260e926c71ca92074c8f77cb33aae3c,4e9c8894-1ef2-4594-c148-c4b6e9fb5700,Complete
Video 92,FUCKING A THICK & LONG BBC RAW IN FRONT OF MY HUSBAND IN AN UPSCALE DOWNTOWN HOTEL,$20,32 Minutes,"CHRISHASABIG,NEVERSATISFIEDXO",blacked in a hotel by long thick cock,62f581a4227f7fa9bcd564422e249689,272143f2-7a85-4225-cdcf-e2e6725da900,Complete
Video 93,4SOME W/ ASIAN HOTWIFE SAYLER VIXEN & BBC / BWC BULLS IN FRONT OF OUR HUSBANDS,$20,44 Minutes,"HOT2MALII,LOUISFAREL,NEVERSATISFIEDXO,SAYLERVIXEN",sayler vixen bwc and bbc 4some,83688a98218ef88c1e3709bba1ef9cf7,69320f13-b021-4cc8-2944-ccbb88e43c00,Complete
Video 94,INTRODUCING MRSJONES011 TO MY BBC BULL & HER CUCK HUSBAND CLEANS OUT HIS DEEP CREAMPIE AFTER HOT SQUIRTING THREESOME,$25,1 Hour,"HOT2MALII,MRSJONES011,NEVERSATISFIEDXO",first time mrsjones011 cuckold creampie clean up with bbc,05c82c272c2f4a64a65412b0d61cf03e,6bf995e7-4335-483b-4bf2-49d9b1e22900,Complete
Video 95,"TOP G ANDREW GAPE TURNED BOTTOM G BY SWAT TEAM: SPANKED, PEGGED, CUCKED, AND SERVED A TASTE OF ALPHA CUM",FREE,22 Minutes,,andrew gape gets pegged bottom g,a8e6a5dbb5ba4b8285da6e99caa3f917,7a258c1f-72f4-476c-9869-96541c4c9000,Complete
Video 96,GENEROUS SUB LIVES OUT HIS BBC CUCKOLD & FORCED BI FEMDOM FANTASIES WHILE LOCKED IN CHASTITY & PANTIES,$30,52 Minutes,"BLAKEBDSM,HOT2MALII,LOUISFAREL,NEVERSATISFIEDXO",coerced bi for submissive bdsm slut before bbc cuckolding,8c3210be7fcb4c53b8e66c802ce35421,b456c796-a193-41df-2afb-0ce4ba465f00,Complete
Video 97,BIG DICK BULL FROTTAGE BEFORE BLONDE & BRUNETTE HOTWIFE BESTFRIENDS GET FUCKED SIDE BY SIDE AND ON TOP OF EACH OTHER BEFORE CUM ON STOMACH,$25,46 Minutes,"EMMARILEY,HOT2MALII,LOUISFAREL,NEVERSATISFIEDXO",petite blonde emamriley and i share a bwc and bbc bull,0c8565cdaa218df9c1fe4c4c35863ecf,da3240c3-75e2-4a29-2ded-67d9c580c500,Complete
Video 98,OUR FIRST EVER COUPLE SWAP... WITH A TWIST. PEGGING MY HUSBAND WHILE HE CREAMPIES KATE MARLEY. FROTTAGE & DOUBLE BARREL BLOWJOB,$25,Unknown,"KATE &amp; CHRIS MARLEY,NEVERSATISFIEDXO","first couples swap with kate and chris marley, hubby gets pegged with frottage",fc8ee1d6f7b44138ab88ddf6260fe73f,video-098-thumb,Complete
Video 99,ANAL ONLY SUBMISSIVE CUCK QUEEN IN FEMALE CHASTITY FUCKS FIRST BBC IN HER ASS AFTER MY CUCK WARMS HER UP WITH HIS STRAP ON. FUCK LICKING FEMALE CUCKOLD,$30,1 Hour,"BUNNYBUTTSTUFF,HOT2MALII,NEVERSATISFIEDXO",submissive slut bbc anal and pegged by husband locked in chastity cruel femdom mommy,07371d882524472ea1366d4645f079ff,video-099-thumb,Complete
Video 100,FUCKING MY BOYFRIEND WHILE MY HUSBAND WATCHES THE SUPERBOWL LOCKED IN CHASTITY,FREE,25 Minutes,NEVERSATISFIEDXO,cucked during the superbowl,a147dd36d9b22a7191993600c98fe191,video-100-thumb,Complete
Video 101,FIT BRUNETTE HOTWIVES FUCK 2 BBCS. CUCK CLEANS UP BOTH WIVES MESSY PUSSIES FILLED WITH CUM,$25,1 Hour,"88ONFLEEK,HOT2MALII,MRSJONES011,NEVERSATISFIEDXO",bbc foursome with mrsjones011 cuck cleans up two loads,16fdeae0fc3449188fc4f1d2f815839d,video-101-thumb,Complete
Video 102,SUBMISSIVE ONLY TO BBC HANDCUFFED & COLLARED HUBBY RECLAIMS ME WITH MY BOYFRIEND'S CUM,$20,48 Minutes,NEVERSATISFIEDXO,leashed submissive hotwife fucked by bbc hubby reclaims with sperm as lube,a84ec4917945450db7574eb5b6d2de5e,video-102-thumb,Complete
Video 103,FEMDOM TRINITY CUCKOLDS SUB WITH BBC IN DUNGEON,$20,15 Minutes,"AURORA_ASPEN,EMMARILEY,HOT2MALII,NEVERSATISFIEDXO",cuckold in a dungeon with three mistresses and a bbc,,,Not Uploaded
Video 104,DESTROYED BY BWC & BBC BULLS IN FRONT OF HUBBY AFTER GAGGING ON THEIR DICK. HUBBY HAS TO RECLAIM ME IN OVERSIZED MAGNUM CONDOM,$25,45 Minutes,"HOT2MALII,LOUISFAREL,NEVERSATISFIEDXO",hubby has to wear condom after bwc and bbc bull use me during reclaim,92a3a2658f19f29868902f5105049669,video-104-thumb,Complete
Video 105,CUCKOLD JERKING OFF WHILE I FUCK MY BBC BOYFRIEND. HUMILIATING SMALL PENIS TALK AS HE FUCKS MY BULL'S CUM IN ME DURING RECLAIM,$9,17 Minutes,NEVERSATISFIEDXO,my small penis cuck jerks while my bbc boyfriend fucks me,d4aeb2b3eb7e4677ba069b5536779ed5,video-105-thumb,Complete
Video 106,FEMALE CHASTITY SUB UNLOCKED FOR BIG COCK DOUBLE PENETRATION BEFORE GOING ANAL ONLY FOR THE REST OF THE YEAR,$30,42 Minutes,"BUNNYBUTTSTUFF,HOT2MALII,LOUISFAREL,NEVERSATISFIEDXO",submissive anal slut bunny gets bbc & Bwc double penetration,569c44c51fcf47048070984d330dc7b6,video-106-thumb,Complete
Video 107,HOTWIFE COUPLES VACATION TOGETHER WITH BBC BULL. CUCKS WATCH AND CREAMPIE CLEAN UP,$20,39 Minutes,"HOT2MALII,MRSJONES011,NEVERSATISFIEDXO",mrsjones deep thick bbc creampie hubby cleans up,a7a216d9388044bd977784751f1745a5,video-107-thumb,Complete
Video 108,WIFE FUCKS TWO BIG BLACK COCKS ON VACATION IN THE ROOM HER HUSBAND PAID FOR,$25,29 Minutes,"HOT2MALII,NEVERSATISFIEDXO,RENEDABULL",miami mfm bbc bull vacation fun,cafcc387fa1649bbbb238d12295860c0,1f11d425-bf3f-4349-402a-22e01a5d5900,Complete
Video 109,SUBMISSIVE SLAVE FLOGGED & PEGGED DURING CIRCUS FREAK SHOW. HAS TO DO REVERSE PULL UPS IN ORDER TO FUCK HIMSELF WHILE LOCKED IN CAGE,$10,33 Minutes,"LOUISFAREL,NEVERSATISFIEDXO",slave gets femdom treatment at the circus freak show,7410f1e43c8a63aaa5c78e3ddd58c59c,06d5e145-1a32-4a17-efbc-f026baeba700,Complete
Video 110,MY FIRST EVER BBC GANG BANG (NOT MY LAST),$30,1 Hour,"BRUCE_WANGOO,HOT2MALII,NEVERSATISFIEDXO,NURANMAN63",my first bbc gangbang,4c977621590e92f6f26b1b3f22966f6d,video-110-thumb,Complete
Video 111,POLY-CUCK COUPLE 3SOME HUSBAND PREMIES BEFORE HIS CHANCE TO RECLAIM,FREE,30 Minutes,NEVERSATISFIEDXO,polycuck threesome husband and bbc boyfriend,a41320befd9a4b38ba52ec7f57712236,video-111-thumb,Complete
Video 112,CHASTITY CUCK THINKS HIS GIRLFRIEND'S +1 TO THE ORGY MEANT HE WAS HAVING SEX. WRONG,$30,40 Minutes,"AURORA_ASPEN,EMMARILEY,HOT2MALII,LOUISFAREL,NEVERSATISFIEDXO",chastity cuck somehows gets invited to an orgy and has to worship mistresses,c1b671d3e430421eb5bbb13730089bf5,video-112-thumb,Complete
Video 113,COUPLES HOTWIFE VACATION IN MIAMI STAYING WITH BBC BULL IN ROOM. CUCK CLEANS UP WIFE'S CREAMPIE,$20,40 Minutes,"HOT2MALII,MRSJONES011,NEVERSATISFIEDXO",hotwife vacation with mrsjones011 and her cuck cleans up,4c98fb60bee34d6cb1bd06232c99169b,video-113-thumb,Complete
Video 114,ANAL BUTT SLUTT GETS BWC & BBC IN HER ASS IN PRINCESS BED BEFORE GETTING CUM EATEN OUT OF ASS,$10,25 Minutes,"BUNNYBUTTSTUFF,HOT2MALII,LOUISFAREL,NEVERSATISFIEDXO",ANAL BUTTSLUTT GETS BWC & BBC In her princess bedroom,3456ac32f7bc4bb0ae0251702fdfc288,video-114-thumb,Complete
Video 115,EAST COAST BBC ORGY WITH MY HOTWIFE BESTIES & PLAYING WITH BRITISH HOTWIFE JEZEBEL SCARLET FOR THE FIRST TIME,$35,44 Minutes,"BRUCE_WANGOO,HOT2MALII,JEZEBELSCARLET,MULBERRY212,NEVERSATISFIEDXO,NURANMAN63",EASTCOAST BBC GANGBANG WITH JEZEBELSCARLET and mulberry212,fcf8e8d331c33725f34bc79cf08b176e,video-115-thumb,Complete
Video 116,SUMMERTIME BBC 4SOME AFTER THE POOL W/ EMMARILEY,$25,35 Minutes,"EMMARILEY,HOT2MALII,NEVERSATISFIEDXO,TRIBALBBC",PETITE GIRLFRIEND EMMARILEY SHARES BBC in 4some summertime fun after the pool,5ff54b20e5b645309037bd55dc32aefa,video-116-thumb,Complete
Video 117,QOS 4SOME W/ LITTLEMOUCHETTE CHASTITY CUCK CLEANS UP TWO LOADS OF CUM WHILE I DOM THEM,$30,1 Hour,"BRUCE_WANGOO,HOT2MALII,LITTLEMOUCHETTE,NEVERSATISFIEDXO",BBC 4SOME WITH PETITE CUCKOLDRESS MOUCHETTE AND HER USELESS CUCK CREAMPIE CLEAN UP,f1410e4b0b03429f82b8ceb39a173677,video-117-thumb,Complete
Video 118,SUBMISSIVE ANAL SLUT SUCKS MY TOES AND WORSHIPS MY PUSSY WHILE SHE TAKES A BWC ANAL CREAMPIE,FREE,20 Minutes,"BUNNYBUTTSTUFF,LOUISFAREL,NEVERSATISFIEDXO",SLAVE BUNNY GETS BWC ANAL FLOGGING AND FOOTWORSHIP,a3c8daf790e33541207c846ace6249cd,d482907d-f3f4-41cc-b5f4-d01410d41700,Complete
Video 119,BRITISH HOTWIFE JEZEBELSCARLET BBC BULL 4SOME IN FRONT OF CUCK HUBBIES ON HOLIDAY,$30,1 Hour,"BRUCE_WANGOO,HOT2MALII,JEZEBELSCARLET,NEVERSATISFIEDXO",BBC 4SOME WITH BRITISH HOTWIFE JEZELBEL SCARLET,44d92d0c83f6607d6216b132b153f061,e0d86f09-97ee-4302-020c-3fa965a53000,Complete
Video 120,CUCKOLD COUPLES VACATION TOGETHER W/ BBC BULL. WIVES HUMILIATE AND COMPARE SIZES BEFORE A NIGHT OUT ON THE TOWN,FREE,21 Minutes,"MRSJONES011,NEVERSATISFIEDXO",VACATION WITH MRSJONES011 WE HUMILIATE HUBBIES IN FRONT OF A BBC BULL SIZE COMPARISON,17db301abeb6446e9acb5496ff2c0668,2af07724-0809-4cce-3a2d-cc17c8834d00,Complete
Video 121,HOT SWINGER COUPLE LIAMGETSIT FIRST BIG BLACK COCK DURING GROUP SEX HOTEL PARTY WITH TWO HUNG BULLS,$25,25 Minutes,"HOT2MALII,LIAMGETSIT,LOUISFAREL,NEVERSATISFIEDXO",SWINGER HOTEL GROUP SEX LIAMGETSIT FIRST BBC,3fc8f0c9e08beea8239a4cb90f8ecc30,e74c7de3-4681-4cf4-f617-773d977b7400,Complete
Video 122,EXTREMELY GENEROUS FAN REWARDED WITH IN-PERSON CUCKOLD FEMDOM EXPERIENCE. HUBBY RECLAIMS ME WHILE FAN HAS TO CLEAN UP THEIR CUM BY SUCKING HIS COCK FOR THE FIRST TIME,$25,37 Minutes,"BLAKEBADSM,HOT2MALII,NEVERSATISFIEDXO",LUCKY GENEROUS FAN GETS CHASTITY CUCKED,792031bb80b9572495604bc356a4bb46,fd8ff746-81ab-4bc0-4655-02433c02cd00,Complete
Video 123,NEW THICK BBC BULL FUCKS ME HARD. FOOT WORSHIP,$20,1 Hour 20 Minutes,"MRTHICCBBBBC,NEVERSATISFIEDXO",NEW THICK BBC BULL POWERFUCKS ME AFTER WORSHIPPING FEET,73d38e6c3951644f1ae10e72b1c2b6cd,6d4539e6-d6ca-43c4-2517-6e3723985100,Complete
Video 124,FUCKED LONG AND DEEP ON MY LIVING ROOM COUCH BY MY BOYFRIEND'S BIG BLACK COCK,FREE,15 Minutes,Unknown,AFTER WORK FUCKED LONG AND HARD BY BBC BOYFRIEND,2f2bf9b4309e43b29db248f6acdadc07,08550dc6-74b8-49bc-4d4e-e9384b78bc00,Complete
Video 125,SPITROASTED BY TWO MASSIVE BIG BLACK COCKS BEFORE MY AVERAGE-SIZED HUSBAND TRIES TO RECLAIM ME,$25,45 Minutes,"CHRISHASABIG,HOT2MALII,NEVERSATISFIEDXO",TWO MASSIVE BIG BLACK COCKS SPIT ROAST ME BEFORE HUBBY RECLAIMS WITH HIS SMALL DICK,7551f57486ae85858fe640970030f2a4,c998f2d5-4731-460a-b425-8febe4432a00,Complete
Video 126,CUCKING MY FEMALE CHASTITY SLAVE. SHE DEEP THROATS BIG COCK BEFORE ANAL AND FACIAL,$20,30 Minutes,"BUNNYBUTTSTUFF,HOT2MALII,LOUISFAREL,NEVERSATISFIEDXO",submissive slut worships two cocks before anal fucking and facials,a3c41d13b24340e18db7cdef44504f61,65d7409e-d2b8-437e-04fc-290f8d9ad000,Complete
Video 127,NO BIRTH CONTROL BBC BOYFRIEND DEEP CREAMPIE. HUBBY LOCKED UP AND CLEANS UP WITH PLUG IN BEFORE PEGGING AND ORGASM DENIAL,$25,47 Minutes,NEVERSATISFIEDXO,"creampie cleanup, buttplugs, and pegging",18e14695b1fbb0e90375e42741e0ce37,a08b9979-fc98-4f57-1dc2-6c4d5be32100,Complete
Video 129,INTIMATE PAJAMA THREESOME BEFORE BED. HUBBY CUMS ALL OVER HIMSELF THE MOMENT I CUM ON MY BOYFRIEND'S BBC. KISSING HIM AND TELLING HIM I LOVE HIM WHILE GETTING FUCKED,$20,30 Minutes,NEVERSATISFIEDXO,INTIMATE BEDTIME THREESOME,1c67df4855b54d76bf1468b3fccd9ca6,video-129-thumb,Complete
Video 130,KING & QUEEN RELAXING MASSAGE BEFORE CREAMY SEX. HUBBY RECLAIMS & HAS TO CUM ON HIS HAND,$20,30 Minutes,NEVERSATISFIEDXO,INTIMATE BBC SENSUAL MASSAGE EXCHANGE,7aa8632f046946638df97302f37d665b,c50668e1-f74f-427c-d592-2b71bc30eb00,Complete
Video 131,CUCKOLD LIVE STREAM PART 2,FREE,11 Minutes,NEVERSATISFIEDXO,CUCKOLD LIVE STREAM PT 2,,,Not Uploaded
Video 132,THEATRE ROOM BWC & BBC MFM AFTER MOVIE NIGHT,FREE,20 Minutes,"HOT2MALII,LOUISFAREL,NEVERSATISFIEDXO",MOVIE NIGHT WITH BWC AND BULL BULL,2cd5c7879f01ad0ab931a2a3eefebab0,c99da4f3-ebac-4935-7c6f-de4a0ca22f00,Complete
Video 133,LOYAL CHASTITY CUCK SPH GODDESS BODY AND PUSSY WORSHIP AFTER BBC,$25,1 Hour+,NEVERSATISFIEDXO,CHASTITY CUCK FAN GETS TO WATCH ME TAKE BBC,c972838fc63d3bdc29367a1da1bb61e2,7dd3fb43-a1fc-4f39-6ff8-d7cddd2cce00,Complete
Video 134,HIGH ROLLER SPENDS HIS WINNINGS ON FEMDOM PEGGING ADDICTION. SNORTS A LINE OF HIS OWN CUM (CAINE),$15,30 Minutes,"LOUISFAREL,NEVERSATISFIEDXO",VEGAS HIGHROLLER HAS FEMDOM CUM ADDICTION,4b8e13345e05d1ca487fb381f1562741,ae5471d1-8107-4204-9080-301c977c0400,Complete
Video 135,CUCKED IN CHASTITY AT HALLOWEEN PARTY BY THE BLACK PANTHER'S THICK BLACK COCK,$20,45 Minutes,"MRTHICCBBBBC,NEVERSATISFIEDXO",CUCKED BY BBC ON HALLOWEEN,b1658fa422e7fd05e638b36b66aa75e8,3508319e-c7bc-46bc-97c8-9c8c5e3f2900,Complete
Video 136,MFM THREESOME WITH TWO BLACK STUDS PASSING ME BACK AND FORTH. CUCK HUBBY RECLAIMS,$25,55 Minutes,"HOT2MALII,MRTHICCBBBBC,NEVERSATISFIEDXO",TWO BBC STUDS FUCK ME IN FRONT OF MY HusbaND,8e82dd9ef0f283643acf0d32ba2c1f6f,d2c1d23c-0473-494d-3732-c05298faa100,Complete
Video 137,DOWNTOWN FUN WITH MY BF IN HOTEL,Free,20 Minutes,NEVERSATISFIEDXO,HOTEL QUICKIE,,,Not Uploaded
Video 138,ON YOUR KNEES CUCK. SLOPPY SECONDS? HOW ABOUT SLOPPY THIRDS WITH NO ORGASM,$25,52 Minutes,"HOT2MALII,LOUISFAREL,NEVERSATISFIEDXO",ON YOUR KNEES SUBMISSIVE,85b9c9d815074b1982d692040944d569,video-138-thumb,Complete
Video 139,REDHEAD HOTWIFE JESSIRAE FIRST TIME BAREBACK WITH (3) BBC BULLS CONDOM REMOVAL. GB IN FRONT OF OUR HUBBIES WHO ARE CLOSE FRIENDS IRL,$50,40 Minutes,"ABONFLEEK,CHRISHASABIG,HOT2MALII,JESSIERAE,NEVERSATISFIEDXO",BBC GANGBANG WITH JESSI RAE CONDOM REMOVAL,5ac48196eb03463e8a0229a0bc8503f2,video-139-thumb,Complete
Video 140,CHASTITY CUCK CLEANS UP BBC CUM AND HAS TO WATCH MY GIRLFRIEND FRIEND FUCK IN FRONT OF HIM WHILE HIS SMALL DICK IS HUMILIATED,$25,40 Minutes,"HOT2MALII,JESSIERAE,NEVERSATISFIEDXO",JESSI RAE FIRST TIME BAREBACK W BBC,2f8c13c0394b496485c1283767821a98,f5ad289c-e55a-4c3f-22f1-c24107f6da00,Complete
Video 141,QUICKIE BEFORE THANKSGIVING WITH FAMILY. HUBBY DENIED RECLAIM HAS TO JERK OFF WITH BBC BOYFRIEND'S CUM,Free,Free,NEVERSATISFIEDXO,QUICKIE BEFORE FAMILY THANKSGIVING,c58e92af1933bda3154bf934ba179e2e,06fee810-c503-410a-4dc8-4a578ac5c400,Complete
Video 142,MY GIRLFRIEND WALKS IN ON ME GETTING SPITROASTED BY BBC AND CUCKING HUBBY. DOUBLE CUM CLEAN UP AND HUMILIATION BY US. CHASTITY BBC COMPARISON,$30,33 Minutes,"CHRISHASABIG,HOT2MALII,JESSIERAE,NEVERSATISFIEDXO",CUCKQUEEN FRIEND WALKS IN ON ME CUCKOLDING HUBBY WITH TWO BIG BLACK COCKS,753d682633cd4df2a4dd6c11848c2137,34668850-935e-4819-9acf-9d5489b9ea00,Complete
Video 143,MY FIRST TIME FUCKING MY BF ALONE WHILE MY HUSBAND WAS ON A WORK TRIP. I SENT HIM THIS VIDEO AFTER WE USED HIS CREDIT CARD TO BUY ALL NEW CLOTHES AFTER WE TRIED THEM ON AND FUCKED IN THE DRESSING ROOM,$10,8 Minutes,NEVERSATISFIEDXO,FIRST TIME FUCKING MY BBC BF WITHOUT HUSBAND THERE IN DRESSING ROOM WHILE SHOPPING,1678a80063e89bf0e18524223acf67c0,b2d082f2-f55e-483b-84c4-bda9f6810200,Complete
Video 144,AFTER YOGA CLASS CREAMPIE & CLEAN UP BEFORE PEGGING HUBBY WITH BBC DIRTY TALK,$25,45 Minutes,NEVERSATISFIEDXO,CREAMPIE CLEAN UP & PEGGING AFTER YOGA CLASS,5e7999e3e2bd4cee89f85caccd4b60f0,video-144-thumb,Complete
Video 145,BBC RELAXES ME BEFORE CHRISTMAS EVE HOLIDAY PARTY AT OUR HOUSE WITH FRIENDS AND FAMILY,$20,31 Minutes,NEVERSATISFIEDXO,BBC BEFORE HOSTING XMAS AT MY HOUSE WITH FAMILY,60402343ed7b43fb818d3a6be754210a,video-145-thumb,Complete
Video 146,DIRTY CUCK TALK IN MESSY GARAGE BBC RECLAIM,Free,22 Minutes,NEVERSATISFIEDXO,FREE - SEX IN DIRTY GARGAE WITH BLACK BOYFRIEND RECLAIM,,,Not Uploaded
Video 147,MEETING NEW YORK BBC BULL IN MY AIRBNB ON FIRST NIGHT OF VACATION,$20,40 Minutes,"BRUCE_WANGOO,NEVERSATISFIEDXO",FIRST TIME MEETING A MASSIVE NEW BULL DURING OUR NEW YORK VACATION,dcf6774bd0164efeb9dceedcd5f3e629,video-147-thumb,Complete
Video 148,POOLSIDE PEG & CUCKOLDING. HUBBY HOLDS HAND DURING DVP RECLAIM AFTER BWC & BBC,$25,45 Minutes,"HOT2MALII,LOUISFAREL,NEVERSATISFIEDXO",POOLSIDE PEGGING AND CUCKING WITH BBC BEFORE 3SOME DVP,53928545fb044fb4a9b56c69a9773758,video-148-thumb,Complete
Video 149,"CLARKANDMARTHA FIRST TIME WITH 2 BBC'S. TOE SUCKING, ASS LICKING, CREAMPIE 4SOME",$35,48 Minutes,"BRUCE_WANGOO,CLARKANDMARTHA,HOT2MALII,NEVERSATISFIEDXO",MARTHA’S FIRST TIME TAKING TWO BIG BLACK COCKS,27066d0b65eaee1966df8230ac13c51f,f090be7c-8c94-4673-7a59-c070a97d3900,Complete
Video 150,PLAYING WITH FIRE - BBC CREAMPIE INSEMINATION NO BIRTH CONTROL. HUBBY PUSHES BF'S CUM DEEPER DURING RECLAIM,$25,26 Minutes,NEVERSATISFIEDXO,DEEP CREAMPIE RECLAIM IN MY BEDROOM,4fa039cdf2b849b9a83cdefb84825113,6e48b301-f909-4dd0-2a83-46027e6f4000,Complete
Video 151,POLYCUCK MUTUAL MASTURBATION. WIFE USES BBC DILDO HUSBAND BOUGHT FOR TRAINING. CUCKOLD BBC DIRTY TALK,FREE,15 Minutes,NEVERSATISFIEDXO,USING MY FIRST EVER BIG BLACK DILDO WHILE SUCKING MY BF CUCK POV JERK OFF,6e9c177f4fd54f12b4ad164939476992,video-151-thumb,Complete
Video 152,HOTWIVES BOND OVER TWO BIG BLACK COCKS. MARTHA CREAMPIED,$25,1 Hour,"BRUCE_WANGOO,CLARKANDMARTHA,HOT2MALII,NEVERSATISFIEDXO","MORE FUN FROM MARTHA""‘S FIRST TIME TAKING TWO BIG BLACK COCKS",e6d006814e9049ff8b6c49bd36e2b85a,video-152-thumb,Complete
Video 153,GETTING FUCKED AT MY BOYFRIEND'S APARTMENT BEFORE HUBBY DRIVES US TO OUR SKI TRIP,FREE,15 Minutes,NEVERSATISFIEDXO,"MORE FUN FROM MARTHA""‘S FIRST TIME TAKING TWO BIG BLACK COCKS",353343b9e8334457bb9bdd7cddef54d2,893969ae-2b20-4c20-1854-7e0fcc75f900,Complete
Video 154,THICK BLACK COCK BULL FUCKS ME IN FRONT OF CHASTITY CUCK,$20,45 Minutes,"MRTHICCBBBBC,NEVERSATISFIEDXO","MORE FUN FROM MARTHA""‘S FIRST TIME TAKING TWO BIG BLACK COCKS",2fa7eb5f1e2a8494d3a3e4867177f941,784366bb-2ebd-4638-c37b-631ebeb0d000,Complete
Video 155,FEMDOM BIG BLACK COCK VS. SMALL WHITE COCK SIZE COMPARISON & COCK RUBBING. HUSBAND JERKS OFF AT MISTRESS'S COMMAND WHILE WORSHIPPING BBC AND HUMILIATION TALK,Free,23 Minutes,NEVERSATISFIEDXO,"MORE FUN FROM MARTHA""‘S FIRST TIME TAKING TWO BIG BLACK COCKS",615825ace39e954c9a4c6755b366b81f,93a7bb57-fa40-464c-f758-e5a8c1b1f000,Complete
Video 156,"MY HUSBAND WEARS A BLACK DILDO WHILE LOCKED IN CHASTITY SO HE KNOWS WHAT HE DOESN'T HAVE. MFM CUCK SPITROAST PEGGING, BF CUM JERK OFF HUMILIATION",$25,50 Minutes,NEVERSATISFIEDXO,,5ad3dab908413a1506da3b5d0bae4630,1afbf4f7-5704-4404-b5cd-8b8091797300,Complete
Video 157,PROSTATE MILKING W/ BBC DILDO STROKING. ANAL TEASE & TRAINING. HAVING SEX W/ MY HUSBAND AFTER PUTTING HIM IN A SUBMISSIVE STATE AND PLUGGING HIM,FREE,10 Minutes,NEVERSATISFIEDXO,,0081e5b07154d849f25e2523020b8be5,5dba4753-2a6f-4554-be77-e8653e265c00,Complete
Video 158,BORING SEX WITH MY HUSBAND ... TWO BIG BLACK COCKS TAKEOVER AND PLEASE ME HOW I NEED IT,$20,1 Hour,"HOT2MALII,MRTHICCBBBBC,NEVERSATISFIEDXO",,f37dbd0f9fe14d08a31a37d255006966,video-158-thumb,Complete
Video 159,BWC BULL FUCKS ME IN VINTAGE HOTEL ROOM IN FRONT OF HUBBY BEFORE HE GETS TO RECLAIM,FREE,46 Minutes,"LOUISFAREL,NEVERSATISFIEDXO",,e9797614f6df15bbad387180b3fc59c3,4607de80-5285-4b66-bdc8-d502a64b8b00,Complete
Video 160,NEW BBC BULL CUMS TWICE. CUCK HUBBY LOCKED IN CHASTITY MAKING OUT WITH BULL'S CUM KISSES,$25,33 Minutes,"NEVERSATISFIEDXO,UNCUTMAMBA",,cb5531a2b1354c4f856b5859b56086ee,video-160-thumb,Complete
Video 161,BBC FOOTJOB AFTER PEDICURE. HUBBY RECLAIMS AFTER RIDING IN BULL IN BED,$9,9 Minutes,"NEVERSATISFIEDXO,UNCUTMAMBA",,ec350f8f92c641ab996e09ccf0477fa1,video-161-thumb,Complete
Video 162,STUFFED BY TWO BIG BLACK COCK BULLS. HUBBY EATS 3 CUMLOADS WHILE IN CHASTITY DENIED & HUMILIATED BY WIFE,$25,30 Minutes,"HOT2MALII,NEVERSATISFIEDXO,UNCUTMAMBA",,b183a142c6bac8ca10ecf152219ac86a,9ca416f6-f626-4e5d-2943-90a3d7b38d00,Complete
Video 164,HUSBAND'S SMALL WHITE DICK MEASURED VS. BULL'S BIG BLACK COCKS. QUEEFING IN HUBBY'S FACE WHILE HE CLEANS CUM OFF MY ASS AND PUSSY WITH HIS TONGUE,$25,40 Minutes,"HOT2MALII,NEVERSATISFIEDXO,UNCUTMAMBA",,aa574ef2ba934d808ab7814f0363cd88,video-164-thumb,Complete
Video 165,MARTHA'S FIRST TIME WITH THREE GUYS. SUMMER DRESS SEASON BBC ORGY,$29,40 MINS,NEVERSATISFIEDXO UNCUTMAMBA CLARKANDMARTHA SOLOTHEBULL HOT2MALII,,b4ff7c419a3b894b4ed1a2a95840c6b0,b5e02032-546d-426c-de36-27a5d59ed400,Complete
Video 166,"BERRYBLONDIE FIRST TIME WITH A BIG BLACK COCK BULL. GIRL ON GIRL KISSING, FUCK LICKING, CUM CLEAN UP, AND SPANKING.",$25,50 MINS,NEVERSATISFIEDXO BERRYBLONDIE HOT2MALII,,37c306759283472bb7a30b737c443840,video-166-thumb,Complete
Video 167,LUNCH BREAK BBC DATE BEFORE RUNNING ERRANDS AROUND TOWN RECLAIM AND CALLING HUSBAND CUCK,FREE,13 MINS,NEVERSATISFIEDXO,,41f31795d73b74522214424e4d1f5946,06abc80b-484a-40fd-154b-7ac74486e700,Complete
Video 168,RIDING CHASTITY CUCK'S FACE AFTER I GET PASSED BACK AND FORTH BETWEEN TWO BIG BLACK COCK BULLS,$25,37 MINS,NEVERSATISFIEDXO HOT2MALII UNCUTMAMBA,,34e5d5b481eae9a5d91663a2f679db89,video-168-thumb,Complete
Video 169,CONTROLLING HUBBIES PREMATURE EJACULATION DURING RECLAIM - CAN'T HOLD IT BACK FOR MY ORGASM,FREE,13 MINS,NEVERSATISFIEDXO,,19ff5bbdc1e6de8171a6ab948fef02b4,7c950a65-66df-46c2-f933-2c1e890b8900,Complete
Video 170,FEMDOM WIVES LOCK CUCKS IN CHASTITY AND PEG THEM BEFORE BBC DATES LATER IN THE NIGHT. DOUBLE DILDO ANAL PEGGING,$25,27 MINS,NEVERSATISFIEDXO MISSVSP,,d783368879b74c478d412fbc4ec5dfcd,video-170-thumb,Complete
Video 171,MY HUSBAND IS TRAVELING FOR HIS BEST FRIENDS BACHELOR PARTY SO MY BOYFRIEND KEEPS ME COMPANY AT HIS PLACE WHILE HE'S GONE,FREE,10 MINS,NEVERSATISFIEDXO,,a573279dba414a32955b5b3ee971cf5f,video-171-thumb,Complete
Video 172,"CRUEL CUCKOLDRESS WIVES SHARE TWO BIG BLACK COCKS & HUMILIATE HUSBANDS IN CHASTITY. SQUIRTING, CREAMPIE CLEAN UPS, AND BNWO DIRTY TALK",$35,1+ HOUR,NEVERSATISFIEDXO HOT2MALII MISSVSP SOLOTHEBULL,,7c48d7da7cba4d68a0e9b7a01ecea552,video-172-thumb,Complete
Video 173,VIDEO 173: CONTENT ANALYSIS NEEDED,$25,30 Minutes,NEVERSATISFIEDXO,,d760c39892514afd8dc533ecc3265d95,video-173-thumb,Complete
Video 174,CUCKOLDRESS VACATION... LOCKED HUSBANDS WATCH THEIR WIVES FUCKED BY BLACK BULL ALL WEEKEND. FINALLY GET TO BE UNLOCKED TO JERK OFF AND CUM ON THEMSELVES TO BNWO DIRTY TALK,$25,23 MINS,NEVERSATISFIEDXO MISSVSP HOT2MALII,,8aca8135ab774f269fe8446c03d23209,video-174-thumb,Complete
Video 175,SHUT THE FUCK UP CUCK AND PUT HIS BIG BLACK COCK BACK IN ME. THERE'S SOME CUM FOR YOU TO CLEAN UP WITH YOUR MOUTH LATER,FREE,30 MINS,NEVERSATISFIEDXO,,,,Not Uploaded
Video 176,CHASTITY & STOCKINGS SMALL PENIS HUMILIATION HUBBY TELLS ME HE LOVES ME AS I CUM ON A BIG BLACK COCK. MESSY CUM COVERED BUSH AND KISSING.,$20,30 MINS,NEVERSATISFIEDXO,,3bc543510294e5675079a57b0a2dc9c5,cae3998c-791c-4dc8-3ae6-027cd6557c00,Complete
Video 177,MISSVSP AND I DRESS OUR CHASTITY CUCKS UP AS POPSTARS SISSYS FOR HALLOWEEN WHILE THEY SUCK OUR BULLS BIG BLACK COCKS AND CLEAN OUR CUM COVERED PUSSIES. WHILE HUMILIATED. MY HUSBANDS FIRST TIME SUCKING A COCK.,$35,UNKNOWN,NEVERSATISFIEDXO MISSVSP MONTREALBBC HOT2MALII,,f535d3ebfc3140bcbf194f0cf50ad824,,Complete
Video 178,VIDEO 178: THUMBNAIL NOT FOUND,$25,30 Minutes,NEVERSATISFIEDXO,,,,Not Uploaded
Video 179,TWO BLACK COCKS STUFF ME ON THE POOL TABLE BEFORE RAVAGING ME IN THE BEDROOM.,$25,30 MINS,NEVERSATISFIEDXO HOT2MALII UNCUTMAMBA,,a1d72eaacf534d82a535e77357f3d928,video-179-thumb,Complete
Video 180,VIDEO 180: CONTENT ANALYSIS NEEDED,$25,30 Minutes,NEVERSATISFIEDXO,,398329c6e677b618f331ee4eb8f0d0cb,video-180-thumb,Complete
Video 181,HOTWIFE FUN W/ MISSVSP AND TWO HUNG BLACK COCK STUDS FOR OUR HUSBANDS TO WATCH.,$25,30M,NEVERSATISFIEDXO MISSVSP MONTREALBBC HOT2MALII,,e5b6e384c8c92e46d1fc02ebc4fafe53,video-181-thumb,Complete
Video 182,"FEMALE SUPREMACY w/ PRINCESS HONEY DOMINATION, HUMILIATION, and PEGGING CHASTITY CUCK HUSBAND AFTER BEING TOLD TO SUCK BBC",$30,45 MINS,NEVERSATISFIEDXO PRINCESS HONEY,,e59c7a618702a6ea1b2b02165270dd4c,video-182-thumb,Complete
Video 183,"COUNTYHOTWIFE'S FIRST BBC GANGBANG CREAMPIE, FACIAL, GIRL ON GIRL CLEAN UP",$35,1.5 HRS,"NEVERSATISFIEDXO, COUNTRYHOTWIFE",,,,Not Uploaded
Video 184,BEDROOM CREAMPIE CLEAN UP CLEAN UP,$25,30 MINS,NEVERSATISFIEDXO,,fbc2e05c81fe5132bbf2b69fb1d0f93c,d0c075a6-838d-4ab9-1239-884c91227400,Complete
Video 185,MASSAGING BBC BULL WITH LOTION BEFORE HE FILLS UP MY PUSSY IN FRONT OF MY HUSBAND AT HOTEL,$25,30 MINS,NEVERSATISFIEDXO BRUCE_WANG00,,2c79d37f81d88892cd50157939bc109b,99f5ddd1-90df-4ca6-0837-c9681ad8d900,Complete
Video 186,CUCK HUBBY IN STOCKINGS HUMILIATION DIRTY TALK PUTS BIG BLACK COCK BACK IN MY PUSSY BULL PULLS OUT AND CUM ON HIS FACE WHILE I FACESIT AND RUB IT IN.,$25,45 MINS,NEVERSATISFIEDXO,,ff039af00be54b8599295248d462063c,video-186-thumb,Complete
Video 187,RIDING MY BF'S BIG BLACK COCK WHILE HUSBAND LICKS MY ASS AND SHOVES HIS COCK BACK IN. PROSTATE ORGASM REWARD FOR GOOD BEHAVIOR,$25,40 MINS,NEVERSATISFIEDXO,,8b0df1d837164cdbb6f276578d1359ec,video-187-thumb,Complete
Video 188,WIFE SHARED WITH HER FIRST BBC,FREE,35 Minutes,neversatisfiedxo,,b9499650940443b7b47168794ad2a314,,Complete
Video 189,"BBC COCK SUCKING TRAINING, BREEDING & IMPREGNATION DIRTY TALK, CREAM PIE CLEAN UP",$25,35 Minutes,neversatisfiedxo,,62fee0bff98a4dc4b8dffbaffbb143a4,,Complete